name,desc,filesize,created,last_modified
9base,<NULL>,1045868,1302282089,1565926387
base-sys,<NULL>,<NULL>,1551892243,1551892243
guvcview,<NULL>,960661,1431542132,1459768449
dosbox,x86/DOS emulator to play the good old games,1324059,1365871806,1552845707
resourceproto,<NULL>,102992,1311106590,1537322764
eet,<NULL>,680487,1352493367,1554258156
python-progressbar,<NULL>,9420,1485395367,1564603298
libice,<NULL>,365762,1302547266,1537322467
capchroot,<NULL>,10122,1347674098,1441973438
wordlist-german,"german words, compiled by brandon enright",2371487,1454631404,1457202068
cgit,<NULL>,89648,1562355635,1562355635
qt5,<NULL>,320459924,1457548265,1536737669
feh,command-line oriented X11 image viewer,2127763,1352701887,1487374870
cpio,<NULL>,1018483,1341608981,1461949115
libxv,<NULL>,300633,1379899194,1441973438
mtr,mtr combines the functionality of the 'traceroute' and 'ping' programs in a single network diagnostic tool. ,142148,1565288989,1565288989
wireless-tools,<NULL>,294417,1342748870,1461783097
bchunk,conversion of .cue/.bin cd image files into .iso format,15078,1443515546,1443515546
flex,<NULL>,1612101,1302547266,1441973438
kernel-patch-4987-88,<NULL>,31056,1527182139,1527182139
dumpcap-perms,<NULL>,<NULL>,1383420376,1412002144
gtk+2,gui toolkit written in C. used by almost all desktop GUI apps in sabotage,12805344,1342740630,1473591090
python-flask,<NULL>,531086,1492988905,1564603298
sshfs,<NULL>,136378,1397589393,1443625183
wordlist-ow-german,<NULL>,307953,1476970362,1476970362
compiler-rt36,<NULL>,1140616,1497890658,1497890658
perl5-DBI,<NULL>,589096,1407705895,1459768449
kernel-patch-4924-25,<NULL>,8472,1493405950,1493405950
byacc,berkeley yacc is a tool to generate LALR(1) parsers,745317,1341608981,1554176556
glamor-egl,<NULL>,428912,1497890584,1497985690
gstreamer01,<NULL>,3025876,1352532367,1459713214
surf,<NULL>,19056,1450214920,1537121777
asciidoc,<NULL>,900422,1382222679,1442746845
python-gmpy,<NULL>,147636,1490061843,1564603298
gcc424,<NULL>,18927613,1340598209,1521430886
ubase-tarball,<NULL>,40096,1461614704,1461614704
kernel-patch-414-97-98,<NULL>,16612,1550874957,1550874957
capstone,<NULL>,3186302,1442232232,1454171555
gcc3,<NULL>,13366790,1302043414,1553039197
serf,<NULL>,139861,1382653339,1530281019
gobject-introspection,<NULL>,1226324,1355294025,1554140053
bsd-finger,<NULL>,25521,1378408693,1441973438
python-mpmath,<NULL>,498564,1491351955,1564603298
wordlist-english,collection of english words,1368101,1454631404,1457202068
gettext-gnu,<NULL>,15139737,1333119341,1539486068
kernel-patch-414-67-68,<NULL>,51852,1536670724,1536670724
sparse,<NULL>,218684,1390227848,1546126474
gimp,GNOME image manipulation program,20873278,1357164565,1495574294
bluefish,"GTK+ code editor with syntax highlighting, tabs... focus on web dev",5522381,1340308864,1488950063
libdrm,<NULL>,771243,1352533186,1564241147
python-xdis,<NULL>,154152,1497830313,1564603298
x11-font-phallus,<NULL>,50951,1540520519,1540520519
tomoyo,<NULL>,207960,1336431317,1483385703
ca-certificates,<NULL>,243472,1334138087,1565685304
gcc650,"the GNU compiler collection, v6.5.0",74355588,1302043414,1565919436
dtach,<NULL>,55472,1378405558,1441973438
kernel-patch-4930-31,<NULL>,35948,1497820147,1497820147
g++346,<NULL>,2511332,1486595333,1486595333
smartmontools,analysis of hard disk health and status using S.M.A.R.T.,903847,1340308864,1521232820
wordlist-crackstation-human-only,<NULL>,257973006,1508253827,1508253827
python-urlgrabber,<NULL>,79158,1382949560,1463486338
ctags,<NULL>,479927,1379351827,1514850103
glib,<NULL>,7830724,1340757262,1557276375
kernel-patch-4952-53,<NULL>,21936,1510970536,1510970536
xlogo,<NULL>,115587,1302890570,1536648434
dovecot,security-focused IMAP and POP3 server,6239707,1388267327,1546152850
gettext,<NULL>,38912,1333119341,1507077760
mawk,ancient awk implementation used by debian derivates,460819,1340308864,1513119272
squash-tool,<NULL>,<NULL>,1416610139,1432920651
libxdg-basedir,<NULL>,30159,1424975482,1552963006
cwm,<NULL>,52419,1537122017,1554257142
libedit,<NULL>,521931,1340697201,1546153408
gcc630,"the GNU compiler collection, v6.3.0",99903185,1302043414,1521430886
rsync,<NULL>,905908,1352533186,1564561222
cdparanoia,program to rip audio cds,183236,1549842051,1553014834
wordlist-singles-org,<NULL>,50697,1454631404,1461275419
python-bpython,improved python repl with syntax highlighting and autocomplete,213638,1540568785,1564603298
lgi,<NULL>,282052,1424975482,1517093137
alpine-keys,<NULL>,5307,1516910464,1516910464
kernel-patch-414-116-117,<NULL>,27496,1562071475,1562071475
hashcat-legacy,<NULL>,3468659,1480520894,1480631164
python-itsdangerous,<NULL>,46541,1492988679,1564603298
dbus-glib,<NULL>,748836,1383161108,1441973438
tmux,"terminal multiplexer, similar to GNU screen but with more features",491195,1340313381,1546154217
ghostscript,<NULL>,29163348,1340308864,1441973438
yasm,x86 and x86_64 assembler,1436502,1341608981,1443540139
kernel-patch-4931-32,<NULL>,41312,1497820147,1497820147
cabextract,<NULL>,241731,1340308864,1499537917
recordproto,<NULL>,123033,1311106590,1537322553
libpthread-stubs,<NULL>,203468,1302547266,1537322490
gmp,<NULL>,1946336,1316404241,1565914317
python-urwid,<NULL>,604167,1556749749,1564603298
ubase-passwd,<NULL>,<NULL>,1461614704,1539486068
calcurse,calcurse is a calendar and scheduling application for the command line.,657976,1340308864,1565288788
glu,<NULL>,493206,1375642879,1441973438
python-archinfo,<NULL>,33666,1485395367,1564603298
lsof,lists open files and sockets,791758,1401797498,1519088200
classpath,<NULL>,11078232,1461854104,1461927936
gcc640,"the GNU compiler collection, v6.4.0",76156220,1302043414,1521603416
timezones,<NULL>,<NULL>,1383653486,1383653486
xf86-video-cirrus,<NULL>,327547,1379939153,1538534708
b2sum,A tool similar to the md5sum or shasum utilities but for BLAKE2.,502996,1457136284,1457136284
git218-tarball,dummy package to match required git version needed by cgit,5102264,1562355635,1562355635
patchelf,<NULL>,139481,1352778301,1554260867
libxxf86vm,<NULL>,284279,1355293650,1441973438
svn,<NULL>,6773731,1330656766,1561393367
bearssl,<NULL>,765094,1483235927,1554004167
glew,<NULL>,567605,1401135203,1442693909
xf86driproto,<NULL>,96528,1379804067,1537322947
innoextract,extraction of windows installers in .exe format created with innosetup,195123,1442232232,1558031374
deadbeef-opus,<NULL>,47937,1487019419,1530281019
giblib,<NULL>,287653,1352701887,1441973438
acl,<NULL>,524300,1390226504,1554251911
python-six,<NULL>,32725,1486157236,1565808614
sqlite,<NULL>,2359545,1330656766,1464662860
fte,text editor,625459,1519060082,1564003072
kernel-patch-414-100-101,<NULL>,564,1550874957,1550874957
xrdb,<NULL>,138035,1316404565,1441973438
ethtool,<NULL>,221932,1402079618,1546152882
dash,"debian almquist shell, a strictly POSIX conforming shell",225196,1388094889,1546152734
midori,<NULL>,1092309,1383160891,1441973438
gcc493,<NULL>,90006707,1302043414,1474028958
bdftopcf,a font compiler for the X server and font server,152881,1416362485,1450817706
kernel-patch-414-106-107,<NULL>,9428,1556058151,1556058151
sauerbraten,multiplayer & single-player FPS and game engine,589941180,1502153804,1502153804
gdb76,"the GNU debugger. debug applications created in asm, C, C++",24269334,1311283731,1550874614
wordlist-korelogic-wp-en-final,<NULL>,63788536,1490286118,1502982844
python-cffi,<NULL>,407108,1485395367,1564603298
bindutils,"utilities shipped with bind, the most widely used DNS server",8481111,1385325778,1450817706
gpicview,simple GTK+ picture viewer program,349536,1342757160,1488950063
clang36,<NULL>,8640776,1497890658,1497890658
kernel-patch-414-71-72,<NULL>,43296,1538570912,1538570912
rsyslog,<NULL>,3027663,1390768875,1530281019
mandoc,manpage viewer. recommended to use instead of sabotage's minimal man prog,627229,1447000777,1539504514
bc,bc calculator and programming language interpreter,124920,1522556106,1555523419
xf86-input-joystick,<NULL>,327539,1380416124,1510796151
global,"source code tagging system, similar to ctags",2924850,1340308864,1452438705
kernel-patch-4915-16,<NULL>,13616,1490287696,1490287696
dosfstools,<NULL>,78148,1388488481,1441973438
sabotage-core,<NULL>,<NULL>,1462499139,1562823999
gradm,<NULL>,81944,1336431317,1521210930
x11-font-adobe-75dpi,"raw X11 bitmap font, providing times, helvetica etc. not recommended",889542,1340308864,1511963944
kernel-patch-414-101-102,<NULL>,22936,1550874957,1550874957
aiksaurus,<NULL>,928893,1378017821,1441973438
netcat,traditional netcat tool by hobbit,64363,1509500357,1509500357
expat,library to interface with XML files,424264,1302888397,1561812049
reflex,"flex, but less buggy and better posix compliance",461872,1340308864,1539622845
kernel-patch-414-66-67,<NULL>,57672,1536670724,1536670724
aee,minimalistic editor for curses and x11,186304,1510948727,1554253066
godot,<NULL>,18958766,1549672331,1549672331
xf86-video-fbdev,<NULL>,388054,1379939153,1557451724
python-flask-socketio,<NULL>,14650,1540490033,1564603298
binutils,"provides linker, assembler and other utils to handle object files",26099568,1302367645,1563375216
libxaw,<NULL>,677147,1311106590,1441973438
qrencode,<NULL>,429244,1340308864,1507048494
mpd-mpc,<NULL>,109172,1340308864,1510518196
howl,luajit based lightweight editor,2462495,1486882099,1565068528
dolphin,<NULL>,38246344,1442232232,1490061707
kernel-patch-4973-74,<NULL>,26964,1515198634,1515198634
wordlist-elitehacker,<NULL>,3690,1454631404,1457202068
freeglut,<NULL>,419095,1442232232,1457011617
sdl2-mixer,<NULL>,11125077,1346208080,1546154172
deadbeef,<NULL>,4736472,1340308864,1546152762
p7zip,extractor for 7zip compression format,4239909,1400270025,1486906996
libxmu,<NULL>,396230,1311106590,1441973438
gpc-tarball,<NULL>,2767216,1556291605,1556291605
ags,adventure game studio engine to play several hundreds of free ags games,864688,1442325516,1550012158
usb-modeswitch-data,<NULL>,32423,1403300121,1486429398
python-dpkt,<NULL>,102074,1485395367,1564603298
tesseract,<NULL>,3574810,1442232232,1500046734
libffi,foreign function interface lib. used by script langs to interface with C.,940837,1340757262,1565916956
bazaar,a version control system written in python,11301124,1430321759,1554255022
evas-generic-loaders,<NULL>,258286,1352534055,1459815208
compiler-rt-tarball-601,<NULL>,1686820,1542253774,1542253774
mp,lightweight terminal text editor,504306,1463943364,1463953811
kernel-patch-414-79-80,<NULL>,10388,1543840951,1543840951
wine-staging-patches,<NULL>,10137549,1499523336,1501145894
graphviz,<NULL>,25848858,1340308864,1463482623
qemu,<NULL>,22532960,1354833475,1536783294
classpath.gtk,<NULL>,<NULL>,1302135188,1461854104
electrum,lighweight bitcoin client written in python. blockchain is used remotely.,666900,1383954953,1450817706
python-cython,<NULL>,1703315,1500046816,1564603298
kernel-patch-4926-27,<NULL>,8480,1495574160,1495574160
busybox,<NULL>,2216527,1302043414,1564673922
util-macros,<NULL>,79105,1316404565,1441973438
rpcsvc-proto,<NULL>,149354,1340308864,1554162618
libevent,<NULL>,854987,1340313369,1510502313
gsl,GNU scientific library for numerical computations,5916715,1352533186,1500214899
bgs,simple background image setter based on imlib2,4996,1510457155,1553104421
openttd,open transport tycoon deluxe simulator game,6521016,1535579040,1536604578
bigreqsproto,big requests extension for the X server,113218,1311106590,1537322179
sdl2-ttf,<NULL>,4147462,1340308864,1476972600
libksba,<NULL>,624704,1359580537,1553971162
xkbcomp,<NULL>,217437,1302890570,1557373479
groff,bloated gnu replacement for nroff and troff text formatters. C++.,4019913,1378565509,1463664502
mrxvt,<NULL>,603978,1383336795,1462398322
cppunit,unit testing framework for C++,953596,1340308864,1450817706
kernel-patch-4999-100,<NULL>,11936,1527182139,1527182139
extra-cmake-modules,<NULL>,303064,1527991423,1527991423
ats,the ATS programming language,3289626,1340308864,1450817706
kernel414-tarball,<NULL>,100900856,1414887336,1566423915
ssocks,socks5 server and reverse proxy server,370154,1520557841,1520557841
ocaml-opam,<NULL>,648951,1409963509,1441973438
efivar-git,<NULL>,<NULL>,1429972836,1429972836
xf86-video-fbturbo,x11 video driver based on fbdev for arm/allwinner cpus/gpus,460519,1538854104,1557451603
clang-tools-extra-tarball-601,<NULL>,757256,1542253774,1542253774
gcc530,"the GNU compiler collection, v5.3.0",95441837,1302043414,1474028958
kernel-patch-414-86-87,<NULL>,19600,1547920056,1547920056
python-cooldict,<NULL>,4745,1485395367,1564603298
dmidecode,reports information from the BIOS DMI hardware information tables,54440,1481050371,1546152793
randrproto,<NULL>,142168,1311106590,1495405755
gzip,<NULL>,775144,1334406103,1547919745
unionfs-fuse,<NULL>,38600,1378473467,1441973438
geany,GTK+ text editor with basic IDE features,4474601,1352533186,1546153103
man,<NULL>,<NULL>,1332032707,1461948774
libnl-tiny,<NULL>,49980,1346174715,1448275791
scons,build system written in python,599514,1375438012,1443540139
cppzmq,c++ bindings for zeromq,10894,1442232232,1518751774
gst01-plugins-base,<NULL>,2364108,1383003306,1459713214
kernel-patch-4425-26,<NULL>,2256,1476971198,1476971198
dri2proto,<NULL>,108746,1352533186,1537322392
wordlist-faithwriters,religious passwords,39327,1454631404,1457202068
pv,pipe viewer. add to piped command chains to see speed information,105001,1397587350,1459866178
clzip,lzip compressor/decompressor written in C,102355,1486766382,1493406364
qemu170,<NULL>,12248954,1354833475,1471561363
gnu-getopt,<NULL>,6664,1348511617,1441973438
liblepton,"C library for image processing, also known as leptonica",12379109,1341439615,1519089538
dos2unix,<NULL>,601642,1340308864,1463437385
pwgen,<NULL>,53513,1340308864,1450214887
apr-util,<NULL>,635000,1330656766,1441973438
xorriso,"tool to manipulate iso filesystems and to burn cds, dvds, etc",2670320,1477872649,1561596479
g++464,<NULL>,6939359,1367421016,1441973438
shuffle,<NULL>,16780,1378314436,1441973438
abiword,<NULL>,9218827,1378033195,1521151937
lighttpd,http daemon which is supposedly lightweight (in comparison with apache),702884,1346034278,1530281019
make,the standard build tool for *nix source packages,1242186,1302367645,1535173373
endgame-singularity-music,<NULL>,51774799,1463099729,1463099729
cvs,<NULL>,2942652,1340720367,1441973438
beep097,<NULL>,2056564,1357232248,1441973438
go14,<NULL>,10875170,1388270754,1497802153
liblcms,<NULL>,927752,1352434142,1441973438
queue-h,<NULL>,25249,1463482384,1463482384
python-ipaddress,<NULL>,32475,1492988207,1564603298
fontconfig,<NULL>,1723639,1316404565,1553982692
xrandr,<NULL>,171963,1352150315,1441973438
dot11decrypt,"WEP/WPA2 on-the-fly decrypter. requires monitor dev, creates tap dev",40176,1340308864,1450817706
kernel-patch-414-77-78,<NULL>,18532,1543840951,1543840951
compiler-rt34,<NULL>,1858593,1389750863,1441973438
steghide,<NULL>,392761,1340308864,1490061543
patch,<NULL>,783756,1302547266,1519086675
atk-bridge-fake,dummy atk-bridge to be able to build gtk+3 without hard dbus deps,692,1432919283,1450817706
kernel-patch-4948-49,<NULL>,9076,1507054488,1507054488
harfbuzz-icu,library for text shaping (unicode -> glyph indices and positions) - with icu,2350389,1340308864,1535956275
cpan,<NULL>,739979,1333041131,1441973438
wordlist-hotmail,<NULL>,47195,1454631404,1457202068
perl5-Archive-Zip,<NULL>,184345,1450214815,1459768449
ldns,"ldns dnssec library, featuring `drill`, the modern `dig` replacement",1304424,1340308864,1530281019
distribute,<NULL>,644713,1366799330,1441973438
redshift,<NULL>,377372,1510443514,1553971365
fuse,<NULL>,661138,1377331025,1521210712
vorbis-tools,<NULL>,1346532,1340308864,1449584156
lxsession,<NULL>,407100,1342748968,1488950063
chicken-scheme,<NULL>,4023371,1411410694,1554177396
gnutar,<NULL>,2108028,1340308864,1539412757
nedit,fast and powerful editor using motif/X11,1344754,1510973978,1510982371
kernel-patch-4414-15,<NULL>,11176,1468278513,1468278513
stage0-gcc3,<NULL>,13366790,1510780266,1561596405
cowpatty,wpa cracking and handshake verification tool,104979,1454631049,1530281019
haveged,<NULL>,474845,1389323149,1521218306
xterm,old school X terminal emulator,1273183,1302890570,1504815981
lcms2,<NULL>,6497867,1402079618,1441973438
mysql,<NULL>,32979820,1355550094,1521217549
heirloom-sh,<NULL>,82725,1340863478,1441973438
lua51,<NULL>,221213,1351557125,1517095117
xinit,<NULL>,138315,1302890570,1537686813
base-dev,<NULL>,<NULL>,1316397394,1551892243
stage1-mpfr,<NULL>,1133672,1561585106,1561585106
hostapd,<NULL>,1720783,1427404375,1530281019
partx,<NULL>,<NULL>,1390356026,1454894297
kernel-patch-414-111-112,<NULL>,22772,1556058151,1556058151
dsniff-patches,<NULL>,29657,1407891655,1441973438
docbook-xsl,<NULL>,5003045,1382222643,1441973438
goffice,<NULL>,1814488,1356423699,1488949260
zbar,<NULL>,592602,1340308864,1490061801
kernel-patch-4415-16,<NULL>,50972,1469698493,1469698493
nodm,insecure service booting directly into X. useful for kiosks.,47011,1485394827,1485663370
gtk+3,<NULL>,22419364,1432919389,1557373855
docbook2X,<NULL>,723909,1340308864,1459768449
sauerbraten-svn,multiplayer & single-player FPS and game engine,<NULL>,1502153804,1502138390
autossh,automatically restarts ssh connections,67599,1340308864,1547919356
erlang,<NULL>,68124710,1340308864,1456286181
python-elftools,<NULL>,411874,1485395367,1564603298
kernel-patch-4457-58,<NULL>,22740,1491409758,1491409758
unicorn,<NULL>,3241225,1485395367,1554261276
cgroupfs-mount,<NULL>,5820,1534696379,1534696379
sdl-gfx,<NULL>,1767169,1346208080,1454891405
automake,automated makefile generator,1534936,1302630101,1546128470
glxdemos,<NULL>,17152,1380417957,1441973438
mesaglut,<NULL>,297504,1375642860,1441973438
clang-tarball-601,<NULL>,11905772,1542253774,1542253774
kernel-patch-414-110-111,<NULL>,36132,1556058151,1556058151
v4l-utils,<NULL>,1672765,1340308864,1528814185
alsa-lib,<NULL>,1002562,1334535663,1547918935
glproto,<NULL>,126969,1352740690,1449602997
rtorrent,bittorrent p2p filesharing client,610845,1365044398,1456578657
python-flask-sqlalchemy,<NULL>,100736,1492988971,1564603298
arj,<NULL>,431467,1340308864,1486865267
libx264,video encoder library for H.264/MPEG-4 AVC codec,734068,1340308864,1541376653
ffmpeg,<NULL>,8890608,1377904157,1546152945
tinc,vpn daemon using encrypted tunnelling,499277,1340308864,1561762294
afl-fuzz,powerful instrumented binary fuzzer,835907,1437152926,1513122051
mesalib,<NULL>,9179236,1375642825,1564241147
unzip,<NULL>,1376845,1431610201,1450721664
gcc6,<NULL>,<NULL>,1351560498,1553019267
cweb,donald knuth's cweb. currently only ctangle is shipped,213987,1540070101,1540070101
libsm,<NULL>,348908,1302547266,1441973438
python-werkzeug,<NULL>,1169595,1492988859,1564603298
daemontools,<NULL>,36975,1484603546,1554257872
gtkspell2,<NULL>,351277,1340308864,1553970440
stunnel,<NULL>,595550,1352533186,1530281019
kernel-patch-4958-59,<NULL>,20752,1510970536,1510970536
cyrus-sasl,<NULL>,5220231,1340308864,1539665885
xprop,<NULL>,145556,1397593947,1457033987
grafx2,<NULL>,721482,1357157031,1517094056
python,interpreter for the python 2.x scripting language,12752104,1302886032,1566579067
directfb,<NULL>,4250510,1356713964,1554258038
kernel-patch-4412-13,<NULL>,30620,1465390217,1465390217
eject,<NULL>,<NULL>,1390356026,1463567611
scrnsaverproto,<NULL>,118820,1311106590,1537322799
gui,<NULL>,<NULL>,1359654115,1378926910
dropbear,lightweight ssh server/client,2688697,1341100792,1539228470
pciutils,<NULL>,328256,1385300092,1513118104
dpkg,<NULL>,3800328,1384363129,1456286181
xf86dgaproto,<NULL>,85934,1379804466,1537322902
stage1-gmp,<NULL>,1946336,1561585106,1561585106
libxkbfile,<NULL>,335788,1311106590,1557373658
aqemu,<NULL>,1025129,1382737994,1441973438
gcc485,<NULL>,86165587,1302043414,1474028958
btrfs-progs,<NULL>,2049856,1390761606,1565894366
zeromq,<NULL>,1326780,1340308864,1518740191
speex,patent-free audio codec for speech compression,1047080,1340308864,1537638341
python-blessings,<NULL>,28194,1540568785,1564603298
kernel-patch-445-6,<NULL>,17936,1458244445,1461275679
cmocka,<NULL>,81004,1442232232,1565144276
gperf,source code generator for fast string comparisons via hashes,1215925,1352533186,1483629964
bsdtar,<NULL>,<NULL>,1316404241,1443077940
xset,<NULL>,142286,1352150315,1441973438
cgd,Common Gateway Daemon: serve a cgi script over HTTP or FastCGI,1214,1401135128,1537898508
kernel-patch-4945-46,<NULL>,28332,1504117986,1504117986
tl-parser-tarball,<NULL>,66966,1486948115,1486948115
python-pyparsing,<NULL>,1232522,1492988600,1564603298
gst-plugins-base,<NULL>,3693856,1340308864,1542338888
dvtm,<NULL>,40511,1378405518,1480613252
kernel419,<NULL>,<NULL>,1564998903,1564998903
h2o,<NULL>,6543732,1431612235,1530281019
ixchat,GTK+ IRC client based on latest xchat2 release + some hexchat backports,410676,1356463734,1530281019
avrdude,<NULL>,909744,1395486706,1462136479
uncrustify,<NULL>,1149607,1390630033,1441973438
ftgl,<NULL>,841597,1340308864,1521165592
pcmanfm,"GTK+ filemanager, major component of the LXDE desktop",417316,1342758183,1488950063
tor,onion router for anonymization of internet traffic,6804196,1383279163,1553872214
cmake,immensely bloated build tool mostly used by windows and C++ folks,7705238,1355550077,1539486068
kernel-patch-4438-39,<NULL>,5468,1481848690,1481848690
gnumeric,<NULL>,18577516,1356423711,1488950063
curses,"netbsd libcurses, lightweight replacement for ncurses",529996,1456285344,1554174899
m2c,<NULL>,212463,1438825131,1441973438
wolfssl,lightweight SSL/TLS library with partial openssl compatibility layer,1422496,1351557125,1483480264
stage1,<NULL>,<NULL>,1316404241,1561585106
evince,<NULL>,3523623,1357231664,1504122388
libutf,utf library from plan9 ported to unix,19817,1535137004,1535137004
core,<NULL>,<NULL>,1376292852,1415124148
hiawatha,<NULL>,929167,1438524487,1554260200
lxterminal,GTK+ terminal emulator,248698,1342758063,1488949260
urxvt,<NULL>,931198,1383336740,1456263739
procps,process monitoring command line utilities using information from /proc,845484,1354159276,1468497624
cups,<NULL>,8265065,1384270297,1441973438
smpeg,<NULL>,340290,1463099129,1492989028
babl,support lib for gegl for color-space conversions,685707,1357164452,1546152622
gcc-ecj-49,eclipse java compiler modified to be usable by gcc as gcj backend,1619429,1521603416,1521603416
diffutils,<NULL>,1398296,1302547266,1495568521
kernel-patch-4428-29,<NULL>,20256,1477938767,1477938767
xcb-util-wm,<NULL>,320472,1397662358,1457031814
muibase,non-bloated desktop database with limited SQL support,8591360,1484256431,1484256431
dmxproto,<NULL>,96467,1379891996,1537322368
tcc,tiny C compiler - extremely fast C compiler,737827,1513533368,1514667044
entr,<NULL>,25265,1540324494,1540324494
kernel414-patches,<NULL>,<NULL>,1351557125,1566423915
atk,gnome accessibility toolkit,748972,1342740069,1535956005
python-z3-solver,<NULL>,3700014,1485395367,1564603298
gdb75,<NULL>,21349391,1311283731,1482236033
scrot,capture screenshots of X11 windows,74324,1340308864,1497800443
arp-scan,<NULL>,488442,1340308864,1478080400
xtrans,<NULL>,186833,1302547266,1495157777
kernel-patch-4990-91,<NULL>,21248,1527182139,1527182139
gcc474,<NULL>,82935453,1302043414,1498010196
alsa-utils,<NULL>,1262174,1334535663,1547918935
python-pygtk,<NULL>,2361097,1382949649,1441973438
fixesproto,<NULL>,100886,1302547266,1537322413
autoconf,tool for producing configure scripts,1214744,1302630101,1483630212
sbase-join,POSIX join utility from sbase,<NULL>,1488986034,1488986607
kernel-patch-4978-79,<NULL>,23064,1518700829,1518700829
awesome,<NULL>,723084,1424975482,1481929553
world,<NULL>,<NULL>,1346101236,1521233646
help2man,<NULL>,200264,1340308864,1549522679
python-rpyc,<NULL>,53541,1485395367,1564603298
apk-tools,alpine linux binary package manager,129852,1516910464,1530281019
kernel-patch-4964-65,<NULL>,7068,1513111774,1513111774
atkmm,C++ bindings for the atk library,562892,1357330591,1463664502
gpc,the GNU pascal compiler,13366790,1302043414,1556291605
tinyproxy,lightweight HTTP proxy,192300,1340308864,1521213422
msmtp,<NULL>,302680,1340308864,1540520492
xedit,basic X11 editor,525861,1340308864,1510930197
dbus,<NULL>,1929630,1352695517,1441973438
evas,<NULL>,10261143,1352537214,1459815208
libnotify05,<NULL>,310439,1383161043,1441973438
sbase-tarball,<NULL>,126655,1488986034,1488986034
gdbm,gnu dbm key/value database library,891987,1352533186,1489334348
curseofwar,"simple but demanding RTS game, for terminal (curses) or sdl",73477,1458134615,1458134615
python-pygments,<NULL>,2113944,1492988514,1564603298
wordlist-korelogic-wp-ru-final,<NULL>,1763860,1502982844,1502982844
gcc464,<NULL>,30353380,1302043414,1474028958
chrony,versatile NTP implementation. comes with server and client,433882,1390791842,1507073109
rtmpdump,<NULL>,142213,1490477664,1530281019
kernel,<NULL>,<NULL>,1302043414,1566423915
db,library to interface with berkeley (file-based) databases,44305964,1340717017,1519054180
perl5-Net-SSLeay,<NULL>,395820,1384273783,1487373865
gnupg,<NULL>,3749353,1359580993,1546153193
webkitgtk2,<NULL>,16777676,1535956325,1557373941
djvulibre,<NULL>,3648522,1340308864,1556510126
setuptools,<NULL>,<NULL>,1366799330,1366799330
kernel-patch-4959-60,<NULL>,10060,1510970536,1510970536
fontsproto,<NULL>,154087,1311106590,1449602997
parted,<NULL>,1655244,1391286236,1565893335
angband,"nethack-style dungeon exploration game, optional with graphics",20907673,1402244462,1456285593
kernel-patch-414-91-92,<NULL>,31096,1547920056,1547920056
wordlist-rockyou,<NULL>,60498886,1443215260,1457202068
fltk13,<NULL>,4260874,1352488822,1521151716
squashfs-tools,<NULL>,133173,1384142517,1441973438
alsa-plugins,<NULL>,375346,1340308864,1547918935
geomyidae,A small c-based gopherd,20897,1536188673,1536188673
cmph,<NULL>,480924,1355294710,1441973438
python-python-dateutil,<NULL>,258060,1486157236,1564603298
libidl,<NULL>,427149,1340308864,1459855508
util-linux,<NULL>,<NULL>,1372717029,1521212027
redir,port redirection/forwarding utility,80068,1478337068,1485137189
cryptsetup,required component to use encrypted filesystems,1232068,1359576011,1490289789
gstreamer,<NULL>,3255404,1340308864,1542339031
ppp,<NULL>,687744,1403288890,1521220122
librsvg,library to render and convert SVG files,1796376,1340308864,1519088615
visualboyadvance,"emulator for gameboy, gameboy color and gameboy advance",210060,1404081681,1458939381
screen,terminal multiplexer,845210,1377338865,1513117616
cvs2svn,<NULL>,514891,1407706623,1441973438
libtool,<NULL>,1806697,1352533186,1483630910
hub,"git wrapper for using github (fork, pr, etc) on the commmand line",990972,1538367735,1538367735
apache,<NULL>,5031834,1352533186,1441973438
torsocks,<NULL>,309916,1340308864,1539227418
python-pudb,<NULL>,56771,1556126694,1564603298
wordlist-porno,porno password collection created by matt weir,7158285,1454631404,1457202068
damageproto,<NULL>,98392,1302547266,1537322322
eina,<NULL>,9938509,1352475515,1441973438
kernel-patch-49100-101,<NULL>,14008,1527182139,1527182139
cmark,the commonmark-reference markdown parsing and rendering library,234545,1427200348,1565303772
mpv,media player forked from mplayer with major cleanups,3057997,1377904353,1551971951
sdl2,<NULL>,5246942,1340308864,1546154115
gef,multi-arch gdb enhanced features for exploiters and reversers,86360,1485283473,1485283473
xf86-video-vmware,<NULL>,459255,1379939153,1441973438
kernel-patch-414-96-97,<NULL>,28036,1550874957,1550874957
dwm60,<NULL>,20810,1340632466,1510694159
bison,a yacc-compatible parser generator,1650196,1302547266,1549563916
python-python-socketio,<NULL>,24180,1540490033,1564603298
faenza-audio-icons,<NULL>,65536,1472479908,1472479908
libopus,<NULL>,1011070,1340308864,1504118562
cairo,<NULL>,41997432,1342740464,1553983009
silversearcher,<NULL>,174309,1340308864,1561768491
util-linux-tarball,<NULL>,3368432,1390760963,1565680960
libmcrypt,<NULL>,875425,1340308864,1490061543
dtc,device tree compiler,191568,1536884757,1554095134
expect,<NULL>,632363,1540876456,1554259432
pixiewps,pixiedust offline wps attack tool,97380,1454629762,1530281019
kernel-patch-442-3,<NULL>,43240,1456571526,1461275679
delta,reduces testcases to the minimum to trigger a user-defined condition,32804,1402653020,1443540139
getconf,<NULL>,<NULL>,1487361591,1487361591
python-dnspython,<NULL>,252157,1475445947,1564603298
sdl-net,<NULL>,360958,1346208080,1554004974
xorg,<NULL>,<NULL>,1316404565,1453925361
irssi,console IRC client,1084328,1341701480,1547919865
binwalk,<NULL>,271668,1486753364,1486753364
host,<NULL>,<NULL>,1415124076,1483320194
mercurial,distributed version control system written in python,5132169,1333691338,1488576508
bzip2,<NULL>,782025,1333691338,1565702481
tzcode,<NULL>,242962,1383653486,1547921591
freetype,<NULL>,1926385,1316404565,1546153046
lxappearance,<NULL>,165788,1342750771,1488950063
python-sip,<NULL>,754916,1372567279,1441973438
xf86-video-nv,driver for nvidia hardware up to GTX with GT200 chip,424091,1379939153,1484775849
cups-filters,<NULL>,1034484,1384273631,1481929275
fluid-soundfont-gs,<NULL>,3201926,1387460138,1441973438
speexdsp,<NULL>,901771,1340308864,1539205047
compositeproto,<NULL>,101208,1311106590,1537322289
kernel-patch-4933-34,<NULL>,21044,1500214426,1500214426
enchant,<NULL>,607018,1340308864,1557373128
wget,command line program for file downloads supporting various protocols,4392853,1316050656,1546154259
clang34,<NULL>,10619607,1389750863,1441973438
python-gdbgui,<NULL>,771714,1540490033,1564603298
gnome-icon-theme-fake,<NULL>,<NULL>,1357231640,1412002144
dillo,<NULL>,685824,1352488822,1530281019
kernel-patch-4969-70,<NULL>,10984,1515198634,1515198634
sdl-sound,<NULL>,1127100,1370675812,1510802792
ccache,<NULL>,334668,1340308864,1546152680
wordlist-ow-all,<NULL>,13220267,1476970362,1476970362
python-capstone,<NULL>,3175587,1485395367,1564603298
gdb77,"the GNU debugger. debug applications created in asm, C, C++",24849503,1311283731,1555186381
kernel-patch-414-72-73,<NULL>,17784,1538570912,1538570912
bridge-utils,"provides brctl utility, required to create and manage bridge devices",33243,1376211360,1450817706
gst01-plugins-good,<NULL>,2738016,1340308864,1441973438
tinycdb,<NULL>,36754,1479549649,1479549649
nodejs,<NULL>,49510408,1364867074,1565208327
libdevmapper,<NULL>,<NULL>,1351557125,1359742120
gegl,<NULL>,23491503,1352533186,1546153132
bbe,stream editor for binaries,211590,1341608981,1563894427
jansson,json library,404669,1402243777,1546153245
wxgtk,<NULL>,12834260,1355558677,1486483041
readline,<NULL>,<NULL>,1350044537,1350094923
autoconf213-tarball,"ancient autoconf version, required for firefox build",443844,1500303440,1500303440
ocaml,<NULL>,3314612,1409963481,1435170795
efibootmgr-git,<NULL>,<NULL>,1429972836,1429972836
libgcab,<NULL>,332248,1340308864,1565893404
argp,<NULL>,130255,1410401332,1500840512
gitk,graphical frontend to browse git repositories,<NULL>,1357333423,1443540139
python-filebytes,<NULL>,17190,1492988415,1564603298
lame,<NULL>,1445348,1340308864,1550274585
tcl,interpreter for the TCL scripting language,8915556,1356328825,1537122110
cmus,<NULL>,224675,1378685718,1463060127
wordlist-crackstation,<NULL>,4500756826,1508250207,1508250207
hicolor-icon-theme-fake,<NULL>,<NULL>,1383488663,1442863335
dterm,Small serial line console client,18876,1536436965,1536436965
libestr,<NULL>,330114,1390768875,1449155023
mpg123,<NULL>,797694,1357157215,1441973438
acpi,<NULL>,100501,1469302061,1469302061
tgl-tarball,<NULL>,242665,1486948115,1486948115
freeimage,<NULL>,7415716,1565144408,1565144408
wpa-supplicant23,service to support WPA(2) encryption of wireless networks,2398722,1346174715,1565915826
kernel-patch-4435-36,<NULL>,9872,1480720718,1480720718
cflow,<NULL>,637172,1340308864,1514850164
gitweb,git web interface,5707148,1561937545,1566587934
perl5-Digest-SHA1,<NULL>,39078,1383751558,1459768449
apr,<NULL>,785724,1330656766,1441973438
lxde-icon-theme,<NULL>,4469552,1342751673,1472479908
symlinks,"symlink maintenance utility - remove dead links, absolute->relative, etc",5888,1483507240,1537115093
epdfview,<NULL>,466270,1358554855,1504122388
xf86-video-intel,<NULL>,2259040,1379939153,1544382024
dri3proto,<NULL>,105366,1340308864,1510709660
mini-httpd,<NULL>,43889,1511817995,1546153683
quilt,quilt is for managing large sets of patches with make,410780,1340308864,1550274673
aircrack-ng,cracking/monitoring/security assessment tool for wireless networks,4379880,1392098117,1530281019
kernel-patch-414-94-95,<NULL>,18816,1550874957,1550874957
dwm,<NULL>,25887,1340632466,1510694159
perl5-Class-Mix,<NULL>,8676,1383751558,1459768449
wordlist-phpbb,<NULL>,868606,1454631404,1457202068
libtins,<NULL>,276926,1442232232,1530281019
gst-plugins-good,<NULL>,3779912,1340308864,1542338937
seccomp,<NULL>,552299,1409439448,1467550374
attr,<NULL>,343692,1347674098,1448285047
giflib,<NULL>,419065,1352150315,1552844961
allegro4,<NULL>,4759422,1385336691,1563850870
xfd,<NULL>,171052,1340308864,1511914147
python-intervaltree,<NULL>,38404,1494004498,1564603298
stage0-prepare,<NULL>,<NULL>,1302043414,1459815208
libgit2,<NULL>,4772254,1442232232,1536043060
bedrock-scripts,<NULL>,11594,1347718980,1441973438
hping2,<NULL>,124573,1432993678,1521216807
cairomm,<NULL>,1217346,1357330591,1479325463
perl5-XML-Namespacesupport,<NULL>,52077,1400909860,1459768449
kernel-patch-414-52-53,<NULL>,55236,1532821310,1532821310
file,analyzes files and often outputs helpful information,865425,1302547266,1546152991
xmlto,<NULL>,116496,1382222667,1554176222
scummvm,<NULL>,22020384,1495331323,1495331323
gnutls,"C library implementing the SSL, TLS and DTLS protocols",6709492,1366324186,1481189521
docbook-xml,<NULL>,421525,1382222631,1441973438
kernel-patch-4955-56,<NULL>,1076,1510970536,1510970536
python-networkx,<NULL>,1315737,1485395367,1564603298
dnsmasq,"provides DNS, DHCP, router advertisement and network boot services",501072,1390768875,1546152824
gdb,<NULL>,<NULL>,1351557125,1399903300
kernel-patch-4971-72,<NULL>,34052,1515198634,1515198634
perl5-Net-Pcap,<NULL>,94207,1486839972,1486839972
xineramaproto,<NULL>,96239,1302547266,1537322975
tree,terminal app to display filesystem hierarchy in a tree structure,47082,1378507237,1461958456
apr-iconv,<NULL>,1233989,1340693469,1441973438
hunspell,Spell checker and morphological analyzer library and program,1004935,1450214516,1466638487
kernel-patch-414-98-99,<NULL>,57380,1550874957,1550874957
python-pwntools,<NULL>,1118230,1486157236,1564603298
dsniff,collection of tools for network auditing/sniffing and penetration testing,131666,1407891655,1530281019
bash,the bourne again shell. prerequisite to build lots of linux-centric sw.,10135110,1377903331,1547919135
re2c,<NULL>,5907416,1340723508,1539397462
wordlist-ow-spanish,<NULL>,248611,1476970362,1476970362
fzy,fast fuzzy finder,47432,1540520469,1540520469
libconfig,<NULL>,254936,1340308864,1553971231
perl5-Digest-Bcrypt,<NULL>,11831,1383751558,1459768449
audacity,audio editor and recording app written in C++,6794285,1357160610,1486483041
gcc-ecj-45,eclipse java compiler modified to be usable by gcc as gcj backend,1470676,1461852116,1461852116
boost,monstrous collection of C++ libraries,95078138,1357330486,1565144519
wsupp,tiny replacement for wpa_supplicant. currently WPA2 only,65809,1518210380,1518210380
libraw,<NULL>,1366794,1352533186,1441973438
timidity,<NULL>,1363040,1402836142,1539199909
pango,<NULL>,833876,1342740559,1557373796
gnu-efi-libs,<NULL>,154397,1388352894,1527607177
dmenu,<NULL>,15658,1340900957,1539665789
kernel-patch-4913-14,<NULL>,55024,1489333837,1489333837
vala,<NULL>,2627808,1352533186,1441973438
stage1-gcc424,<NULL>,18927613,1510780266,1561596405
gdk-pixbuf,<NULL>,2709492,1342740667,1450176487
debootstrap,<NULL>,61863,1384363129,1441973438
python-pyasn1,<NULL>,128216,1486838570,1565808585
kernel-patch-414-83-84,<NULL>,21384,1543840951,1543840951
drawpile,<NULL>,1227683,1527991423,1527991423
glibmm,<NULL>,6102664,1357330639,1554003906
zip,<NULL>,1118845,1382320935,1441973438
mplayer,media player with support for most audio/video formats,13278984,1416362163,1477616300
curl,"tool and library for client-side URL transfers: HTTP, FTP, TELNET, etc.",2392672,1302530740,1560541886
kernel-patch-4925-26,<NULL>,16708,1495574160,1495574160
tabbed,<NULL>,12926,1395578908,1441973438
gnu-readline,<NULL>,2910016,1340308864,1485307309
dumb,<NULL>,<NULL>,1351557125,1385336725
perf,profiling tool using instrumentation facilities provided by the kernel,<NULL>,1414966078,1545000291
libxdmcp,<NULL>,310878,1302547266,1537322509
redis,<NULL>,1550452,1441226087,1507048358
xf86-input-keyboard,<NULL>,341693,1380416124,1542338628
aria2,bloated C++-11 download utility. supports torrents/magnet.,1525908,1450213267,1553103335
gpaint,simple gtk+2 painting program reminding of paintbrush,370973,1340308864,1555605703
libmikmod,<NULL>,1288510,1341291819,1441973438
bcl,"basic compression library. readable, small and easy to use compression",91649,1445371144,1486432019
peg,peg/leg recursive decent parser generators for C,57776,1517288718,1553035905
eudev,<NULL>,1679385,1380161510,1564241147
sxhkd,simple hotkey daemon for x11,34649,1534614693,1554146775
coreutils,<NULL>,5273788,1352773862,1539486068
kernel-patch-4443-44,<NULL>,15012,1485139573,1485139573
xorg-proto-headers,<NULL>,<NULL>,1380356914,1380356914
bedrock,<NULL>,<NULL>,1316404241,1539486068
glib-networking,<NULL>,352284,1383150110,1500132904
python-sqlalchemy,<NULL>,5164787,1492988942,1564603298
thunderbird1,<NULL>,36183747,1382321308,1550171515
kernel-patch-4439-40,<NULL>,22320,1483733404,1483733404
xkbcommon,<NULL>,622384,1340308864,1486887601
grep,GNU grep with more features than busybox grep,1370880,1397548558,1520917761
testdisk,testdisk partition recovery and photorec file recovery tools,707602,1340308864,1486838480
lxappearance-obconf,<NULL>,290204,1342758241,1488949260
nvi,<NULL>,1295401,1534696798,1534696798
gawk,<NULL>,2985412,1302043414,1546153079
xmp,<NULL>,203088,1340308864,1441973438
g++454,<NULL>,6477571,1330472394,1441973438
kernel-patch-414-73-74,<NULL>,39748,1543840951,1543840951
perl5-Data-Dump,<NULL>,20771,1348971644,1459768449
shared-mime-info,<NULL>,582172,1357638581,1488950063
gcc454,<NULL>,28265185,1302043414,1474028958
mpd,<NULL>,780064,1340308864,1510765388
g++424,<NULL>,4823317,1510335286,1510335286
zziplib,<NULL>,685770,1357155897,1441973438
kernel414,<NULL>,<NULL>,1302043414,1566428770
e2fsprogs,<NULL>,5561452,1302129055,1565893472
tome2,<NULL>,3048200,1402243800,1456286181
monero,<NULL>,11227044,1442232232,1519087883
extlinux,<NULL>,5340791,1302184978,1565042850
kernel-patch-4458-59,<NULL>,4380,1491409758,1491409758
webkitgtk1,<NULL>,8633640,1383160995,1450355875
fribidi,<NULL>,2082617,1340308864,1533098372
microsocks,tiny socks5 server,8056,1488390510,1546128242
strace,display system calls (and parameters) of arbitrary programs for debugging,441712,1316484484,1565042866
gcc447,<NULL>,25784094,1302043414,1474028958
libgnome-keyring,<NULL>,426056,1340308864,1486948397
vbindiff,curses program to highlight differences in binary files,128406,1340308864,1505138189
python-qrtools,<NULL>,10179,1490061909,1564603298
imagemagick,<NULL>,8261496,1340308864,1495594643
gtkmm,<NULL>,10262212,1357330591,1476645236
stage1-g++,<NULL>,<NULL>,1510780266,1521430886
fluid-soundfont-gm,<NULL>,148398306,1387460138,1441973438
yget,download or view youtube videos,8745,1385761094,1446317207
nosefart,player for NES NSF music file format,558589,1479339959,1479339959
kernel-patch-414-44-45,<NULL>,138724,1528136251,1528136251
firefox,<NULL>,214087304,1383196106,1532397743
sselp,<NULL>,2562,1397846327,1441973438
libnids,<NULL>,151021,1340308864,1441973438
python-pycparser,<NULL>,231163,1485395367,1564603298
wordlist-hak5,<NULL>,16490,1454631404,1457202068
expedite,<NULL>,6119479,1352533186,1441973438
surfraw,<NULL>,205557,1340308864,1536884735
libusbx,<NULL>,432611,1355294093,1539486068
git,tools to work with the git distributed version control system,5707148,1302185035,1566587918
xfontsel,<NULL>,139801,1340308864,1511914489
python-olefile,<NULL>,74147,1486906926,1564603298
hdparm,<NULL>,130277,1450214478,1450214478
qpdf,<NULL>,7556793,1340308864,1441973438
llvm-clang36,<NULL>,12750908,1497890658,1497890658
fluidsynth,<NULL>,823783,1346208080,1510793726
uboot,<NULL>,10067674,1392226042,1441973438
paxctl,<NULL>,7642,1348107011,1441973438
gnome-paint,<NULL>,432754,1340308864,1555607341
lua-argparse,<NULL>,36712,1555712618,1555712618
stagit,static git page generator,17924,1536188697,1553990025
xcmiscproto,<NULL>,112486,1302547266,1537322826
hping3,<NULL>,584001,1432993678,1521215937
python-futures,<NULL>,25153,1485395367,1564603298
kernel-patch-4937-38,<NULL>,8076,1500214426,1500214426
endgame-singularity,strategy game,2265133,1463099729,1463099729
wpa-supplicant,service to support WPA(2) encryption of wireless networks,2607336,1346174715,1565915826
sylpheed,small and fast desktop email client,2616228,1340308864,1554518022
kernel-patch-4434-35,<NULL>,11208,1480175603,1480175603
hydra,<NULL>,1193694,1340308864,1530281019
python-zope-interface,<NULL>,141561,1463482892,1554096080
go,<NULL>,18323736,1388270754,1534614506
kernel-patch-414-45-46,<NULL>,10116,1528136251,1528136251
xsel,<NULL>,169155,1340308864,1441973438
sqlmap,<NULL>,7408226,1507045993,1507045993
gptfdisk,A text-mode partitioning tool that works on Globally Unique Identifier (GUID) Partition Table (GPT) disks,195378,1467151239,1481930508
kernel-patch-4970-71,<NULL>,50016,1515198634,1515198634
mpich,<NULL>,11862150,1469123788,1469123788
guvcview1,<NULL>,498336,1431542132,1441973438
videoproto,<NULL>,118862,1311106590,1441973438
kernel-patch-414-60-61,<NULL>,8496,1536670724,1536670724
sdl-mixer,<NULL>,3707781,1346208080,1554142877
git-man,manpages for git,407460,1382223288,1495573459
python-pyflakes,static analysis tool for python code to find errors,48184,1509927896,1564603298
gcc474.java,<NULL>,<NULL>,1461852116,1461852116
xkeyboard-config,<NULL>,1046333,1302890570,1532820169
lxde-common,<NULL>,889656,1342750421,1488949260
stage1-mpc,<NULL>,669925,1561585106,1561585106
htop,<NULL>,477196,1375669811,1565914377
python-gevent,<NULL>,4614437,1540490033,1564603298
kernel-patch-414-108-109,<NULL>,13316,1556058151,1556058151
hexedit0r,"terminal hex editor, fork of hexedit",20592,1380816723,1458699684
xcb-util-image,<NULL>,310947,1397662357,1457029152
meh,An ultra minimalist image viewer based on feh using giflib and imagemagick.,12856,1510438513,1510451327
sox,<NULL>,1111653,1370108485,1538367689
font-util,<NULL>,153289,1340308864,1457548036
kernel-patch-4413-14,<NULL>,32944,1467048159,1467048159
xorg-libraries,<NULL>,<NULL>,1380357031,1380357031
mpfr,<NULL>,1133672,1316404241,1561585106
graphite2,<NULL>,6938866,1442232232,1450214408
kernel-patch-414-119-120,<NULL>,38256,1562071475,1562071475
transmission,<NULL>,3378116,1357148175,1530281019
makedepend,<NULL>,143498,1352150315,1552960010
kernel-patch-4968-69,<NULL>,38068,1515198634,1515198634
harfbuzz,library for text shaping (unicode -> glyph indices and positions),17909479,1340308864,1546153222
xwininfo,<NULL>,157512,1352150315,1441973438
python-libnum,<NULL>,15770,1491604655,1564603298
gst01-plugins-ffmpeg,<NULL>,4784059,1383326039,1441973438
libmpdclient,<NULL>,253992,1510453622,1510453622
scrot-debian-patches,<NULL>,9164,1497800443,1497800443
g++447,<NULL>,5923969,1365722244,1441973438
kernel-patch-414-56-57,<NULL>,41400,1532821310,1532821310
postgresql,professional SQL database server and interface libraries,17905682,1355558612,1546154090
xf86-video-modesetting,<NULL>,304351,1379939153,1441973438
gcc4,<NULL>,<NULL>,1302043414,1402839834
fontforge,truetype font editor,13985256,1551707981,1554594493
kernel-patch-4916-17,<NULL>,41892,1490287696,1490287696
setxkbmap,<NULL>,155404,1351915593,1540520453
pass,<NULL>,54576,1450214810,1450214810
vice,C64 emulator,30714226,1496325070,1496325070
kernel-patch-4448-49,<NULL>,5460,1487361886,1487361886
python-ana,<NULL>,3978,1485395367,1564603298
sweep,GTK+ audio waveform editor. supports multiple formats and filters.,946060,1357158034,1459713214
wordlist-korelogic-wp-fr-final,<NULL>,12038300,1502982844,1502982844
lxdm,<NULL>,239132,1342758063,1521142088
ne,the nice editor,1162536,1520842920,1554262638
join,<NULL>,<NULL>,1489276775,1489276775
schismtracker,<NULL>,1074485,1549842029,1549842029
xcb-util-keysyms,<NULL>,286075,1397662179,1457033877
proxychains,redirect connections of dynamic linked programs to one or more proxies,31816,1346177425,1482587879
lynx,terminal web browser. supports HTTPS but not javascript,2688338,1302547266,1546153634
transmission-gtk2,bittorrent p2p filesharing client,2905156,1357148175,1530281019
xf86-input-mouse,<NULL>,382013,1380416124,1542338661
kernel-patch-4922-23,<NULL>,12272,1493405950,1493405950
neon,<NULL>,882267,1330695253,1462140061
tig,ncurses gui for git,1181900,1340308864,1539199411
kernel-patch-414-65-66,<NULL>,7356,1536670724,1536670724
python-beautifulsoup4,<NULL>,159185,1492988109,1564603298
xauth,<NULL>,129568,1316404565,1557373543
kernel-patch-4432-33,<NULL>,12440,1479565391,1479565391
sdl,<NULL>,3920622,1334415259,1557022745
kernel-patch-447-8,<NULL>,46188,1461157995,1461856531
python-tesserocr,<NULL>,52923,1500046909,1564603298
xf86-input-evdev,<NULL>,370325,1380356632,1484776518
stagit-gopher,static git page generator for gopher,16404,1536188713,1553990025
linux-firmware-git,<NULL>,<NULL>,1391285947,1454896146
pangomm,C++ bindings for the pango library,796212,1357330591,1463664502
x11-font-dejavu,<NULL>,4881324,1342892379,1549929938
kernel-patch-4455-56,<NULL>,17192,1490287443,1490287443
sdl-image,<NULL>,2231074,1346208080,1510793908
python-paramiko,<NULL>,1196454,1486838570,1564603298
zsh,<NULL>,3077368,1395486706,1559724675
libstartup-notification,<NULL>,355285,1342740517,1459120880
stage0-musl,<NULL>,1013779,1302043414,1563891881
pidgin-telegram-purple,<NULL>,190371,1486948115,1486948115
libvorbis-aotuv,<NULL>,1398388,1340308864,1449602997
x11-font-jmk,<NULL>,624357,1539485473,1542338590
macchanger,<NULL>,306344,1534615516,1534615516
twm,<NULL>,266272,1316404565,1536648491
libsigc++,<NULL>,3620928,1357330413,1479324750
x11-font-misc,<NULL>,1933789,1340308864,1457548063
libxfont,<NULL>,502903,1316404565,1565708766
python-tox-pyenv,<NULL>,4259,1492988837,1564603298
reaver,cracking tool for WIFI routers with WPS feature,333580,1399860004,1517159576
wordlist-korelogic-wp-ar-final,arabic wikipedia wordlist from korelogic (2010),983379,1502982844,1502982844
libtermkey,<NULL>,45167,1532713819,1532713819
profanity,terminal instant messenger for xmpp protocol,687169,1485307468,1485309356
socat,"swiss army knife of dealing with sockets, pipes and other byte streams",493324,1388956421,1530281019
libdumb,<NULL>,167379,1352846918,1442153224
wv,<NULL>,616256,1378009378,1554003842
p11-kit,provides a way to load and enumerate PKCS#11 modules.,1090814,1340308864,1541261170
smpeg-patches,<NULL>,18500,1463099129,1463099129
kernel-patch-414-70-71,<NULL>,48416,1538570912,1538570912
voc,<NULL>,1156246,1438825131,1480598049
python-websocket-client,<NULL>,202611,1520709159,1564603298
linux-man,<NULL>,1574380,1478969597,1538522065
stage0,<NULL>,<NULL>,1316397394,1551892243
python-requests,<NULL>,557508,1490062009,1564603298
xproto,<NULL>,300356,1302547266,1537121922
kernel-patch-4998-99,<NULL>,15484,1527182139,1527182139
services,<NULL>,<NULL>,1384110519,1461948617
libgudev,<NULL>,257528,1340308864,1450214628
python-py2cairo,<NULL>,402070,1382949522,1441973438
ucl,<NULL>,534881,1340308864,1495580901
sed,GNU stream editor with more features than busybox sed,1298316,1316404241,1546154192
libevdev,<NULL>,407452,1340308864,1495583952
lesstif2,free openmotif replacement library,3471705,1340308864,1511964621
python-polib,<NULL>,160670,1490586549,1564603298
youtube-dl,"command line tool to download videos from youtube, vimeo, twitter etc",3180312,1397845681,1568233672
tup,A file-based build system,3946512,1515286842,1515286842
libtdb,<NULL>,139948,1357157956,1441973438
python-greenlet,<NULL>,59694,1540490033,1564603298
wordlist-ow-french,<NULL>,547774,1476970362,1476970362
syslinux6,<NULL>,9772883,1388352894,1502398962
libz,<NULL>,135668,1456666520,1456691536
python-slowaes,<NULL>,7017,1379630313,1463486338
kernel-patch-4445-46,<NULL>,8700,1485966637,1485966637
xorg-server,<NULL>,5806406,1302890570,1565044607
termcap,<NULL>,439416,1349892640,1441973438
openttd-msx,<NULL>,136981,1535579040,1535579040
kernel-patch-4440-41,<NULL>,21332,1484057065,1484057065
sdl2-image,<NULL>,11682695,1340308864,1546154152
xcb-util,<NULL>,266339,1342740205,1441973438
kernel-patch-414-61-62,<NULL>,8516,1536670724,1536670724
python-docopt,<NULL>,25901,1513461920,1564603298
stage0-gcc424,<NULL>,18927613,1510780266,1561596405
lxtask,<NULL>,137152,1342750066,1488950063
xf86vidmodeproto,<NULL>,96822,1355293650,1537322924
python-pyserial,<NULL>,147338,1486157236,1564603298
kernel-patch-4981-82,<NULL>,29400,1527182139,1527182139
qemu13,<NULL>,10286423,1354833475,1441973438
xcb-proto,<NULL>,138834,1302547266,1441973438
python-cachetools,<NULL>,18592,1485395367,1564603298
kernel-patch-4450-51,<NULL>,4112,1488550204,1488550204
texinfo,<NULL>,4468048,1340308864,1473591471
xf86-video-ati,<NULL>,848502,1379939153,1497890584
kernel-patch-4917-18,<NULL>,8696,1491409826,1491409826
python-bintrees,<NULL>,72088,1485395367,1564603298
swig,<NULL>,5310295,1382558645,1441973438
lxc,linux containers for running isolated virtualized environments,1307351,1383927842,1565288847
xz,<NULL>,1032248,1302690910,1539486068
python-prompt-toolkit,<NULL>,339714,1540844754,1564603298
ifuse,mount iphone filesystem,19785,1340308864,1544043111
sdl-ttf,<NULL>,4053686,1346208080,1553983711
z3,<NULL>,3060731,1435171887,1441973438
kernel-patch-4980-81,<NULL>,42568,1518700829,1518700829
python-pycrypto,<NULL>,446240,1379638404,1564603298
qt4,<NULL>,241075567,1356579711,1537476327
lamp,<NULL>,<NULL>,1355550190,1355550190
musl-git,<NULL>,<NULL>,1336096784,1539486068
su,<NULL>,<NULL>,1376962994,1460573458
xf86-video-intel-git-patch,<NULL>,1261990,1529373573,1529373573
libxaw3dxft,<NULL>,575198,1340308864,1555592423
python-pygame,<NULL>,2134254,1463099220,1463702843
stage0-gcc,<NULL>,<NULL>,1351557125,1462814420
lua-lpeg,<NULL>,71527,1532713819,1539205202
usbutils,<NULL>,309608,1355294181,1539486068
menu-cache,<NULL>,262508,1342748791,1472729392
kernel-patch-4927-28,<NULL>,34836,1495574160,1495574160
xev,<NULL>,132596,1340308864,1542339076
quickjs,<NULL>,739740,1565217350,1565217350
php,heavily broken scripting language for web development,11959232,1341214560,1539397508
kernel-patch-414-107-108,<NULL>,62044,1556058151,1556058151
xf86bigfontproto,<NULL>,49191,1379963427,1495405755
tk,graphical toolkit to create gui apps with the TCL scripting language,4266426,1357333381,1443540139
ocaml-camlp4,<NULL>,647140,1409963494,1441973438
kernel-patch-4920-21,<NULL>,38876,1493405950,1493405950
libxau,<NULL>,295297,1302547266,1441973438
tcpdump,sniff and dump network and usb traffic,2298386,1347115198,1507054095
python-uncompyle6,<NULL>,1457964,1497830313,1564603298
xbitmaps,<NULL>,101645,1340308864,1537121883
karchive,<NULL>,111712,1527991423,1527991423
perl,interpreter for the perl 5.x scripting language,11574740,1302043414,1539486068
renderproto,<NULL>,105741,1311106590,1537322572
wordlist-porn-unknown,<NULL>,30600,1454631404,1457202068
libsoup,<NULL>,1815256,1383150203,1535956113
python-claripy,<NULL>,96630,1485395367,1564603298
ruby,interpreter for the ruby scripting language,15834941,1363068556,1530281019
kernel-patch-4436-37,<NULL>,4216,1481586867,1481586867
xf86-video-nouveau,<NULL>,584998,1379939153,1493393326
poppler-data,<NULL>,4209901,1357231623,1504122759
libxcursor,<NULL>,311896,1379897996,1441973438
reptyr,<NULL>,29994,1516300772,1516300772
mcpp,most standards-conforming C preprocessor,1533457,1340308864,1514867391
weechat,IRC client for the terminal,2067180,1378512872,1564596656
libtirpc,transport independent RPC library (SunRPC replacement),510924,1463482697,1554162593
st,simple terminal for X by suckless,45423,1302890570,1539227003
python-future,<NULL>,824484,1490061984,1564603298
kernel-patch-414-126-127,<NULL>,3520,1562071475,1562071475
w3m,<NULL>,2202328,1510514444,1510514444
stage1-gcc3,<NULL>,13366790,1510780266,1561596405
kernel-patch-414-74-75,<NULL>,31084,1543840951,1543840951
python-typing,<NULL>,71799,1540568785,1564603298
libexif,<NULL>,1368435,1352533186,1441973438
radare2,reverse engineering and (dis)assembling framework,5014612,1340308864,1478901455
xortool,<NULL>,153485,1513461948,1513461948
ophis,<NULL>,269137,1403983974,1441973438
jobflow,parallel execution of command line tasks,35736,1462380908,1521520400
perl5-HTML-Tagset,<NULL>,8150,1402663609,1459768449
slock,locks your X11 session with your password,6889,1382833710,1539409108
unrar,extractor for RAR archives,209707,1410401342,1450635814
kernel44-tarball,<NULL>,87294516,1414887336,1488462238
pcre,library for perl compatible regular expressions,1570171,1340533444,1546154040
wordlist-facebook-lastnames,<NULL>,21176444,1443215260,1457202068
squid,HTTP proxy and cache,2407120,1449175452,1530281019
libgcrypt,general purpose crypto library based on the code from GnuPG,2967344,1359575977,1504118348
python-virtinst,<NULL>,8180759,1382950521,1441973438
libxext,<NULL>,378901,1311106590,1441973438
wordlist-ow-italian,<NULL>,895055,1476970362,1476970362
remake,fork of GNU make with integrated debugger,1152677,1302367645,1480612939
msieve,program to factor big integers,976135,1491349664,1491349664
lzo,<NULL>,600622,1340308864,1488576301
usb-modeswitch,tool to switch 3G USB modems from storage to modem mode,259820,1403300121,1519081190
tzdata,<NULL>,377009,1383653486,1547921591
postfix,<NULL>,4336709,1388267327,1530281019
kernel-patch-4429-30,<NULL>,3936,1478034990,1478034990
kernel-patch-4433-34,<NULL>,21048,1479760302,1479760302
xsetroot,<NULL>,119977,1340308864,1542232033
mmix,simulator and utils for donald knuth's MMIX architecture,308423,1540070212,1549849493
libxvmc,<NULL>,305234,1379899302,1441973438
perl5-CGI,<NULL>,204816,1561937531,1561937531
wordlist-carders-cc,<NULL>,8936,1454631404,1461275419
kernel-patch-4444-45,<NULL>,11432,1485662754,1485662754
poppler,PDF rendering library and some utilities,1703300,1352533186,1504122315
kernel-patch-414-69-70,<NULL>,32332,1538570912,1538570912
xextproto,<NULL>,229097,1302547266,1537322843
jamvm,lightweight java vm (needed to run java programs),741459,1340308864,1462556376
opus-tools,<NULL>,312093,1340308864,1485139386
wordlist-tuscl,passwords from the ultimate strip club list,176291,1454631404,1457202068
libgpgme,<NULL>,1298407,1340308864,1553037190
openttd-sfx,<NULL>,11359588,1535579040,1535579040
kernel-patch-414-85-86,<NULL>,55292,1547920056,1547920056
xcb-util-xrm,<NULL>,324708,1340308864,1486887601
ostree,git-like model for committing and downloading bootable filesystem trees,751572,1500132984,1500132984
kernel-patch-4954-55,<NULL>,34676,1510970536,1510970536
libstdc++,<NULL>,<NULL>,1351560498,1487374675
xf86-video-vesa,<NULL>,300571,1379939153,1441973438
python-pypandoc,<NULL>,25664,1492988735,1564603298
libssh,<NULL>,314429,1311197079,1441973438
opusfile,library for decoding and seeking in .opus files,467683,1340308864,1504118602
vim,a terminal-based text editor with a gazillion of features,11258868,1302547266,1542338398
libcue,<NULL>,249426,1340308864,1441973438
python-cryptography,<NULL>,420867,1486838570,1564603298
libmad,<NULL>,502379,1357157072,1550274596
xmms,<NULL>,2855872,1357231790,1565708750
kernel-patch-4985-86,<NULL>,16404,1527182139,1527182139
ncurses,<NULL>,2826473,1302547266,1539409150
upx,<NULL>,904747,1411231385,1495587229
libxcb,<NULL>,475211,1302890570,1441973438
pinentry,dialogs for secure password input into gnupg,436930,1340308864,1481931761
usbmuxd,<NULL>,59013,1340308864,1544043111
kernel-patch-414-47-48,<NULL>,22132,1529360565,1529360565
msitools,<NULL>,943284,1340308864,1504119761
xf86-input-libinput,<NULL>,370072,1340308864,1495584018
kernel-patch-414-93-94,<NULL>,10560,1547920056,1547920056
perl5-HTML-Parser,<NULL>,90680,1402663620,1561937501
kernel-patch-414-95-96,<NULL>,23316,1550874957,1550874957
nss,<NULL>,7477439,1486948397,1486948397
xpaint,<NULL>,1891925,1555592423,1555592423
kernel-patch-4449-50,<NULL>,7576,1487451919,1487453941
obconf,configuration frontend for the openbox window manager,267589,1342740757,1540905261
libtasn1,ASN.1 library used by GnuTLS and others,1891703,1340308864,1519088569
yaml-cpp,<NULL>,118244,1402838269,1441973438
libimobiledevice,<NULL>,236204,1340308864,1544043111
python-qt4,<NULL>,11280941,1372567309,1441973438
znc,IRC bouncer,1470681,1378255341,1530281019
kernel-patch-4966-67,<NULL>,11460,1513111774,1513111774
phoronix-testsuite,<NULL>,471257,1341321699,1441973438
vis,<NULL>,390461,1340308864,1539205202
kernel-patch-414-115-116,<NULL>,14636,1562071475,1562071475
xorg-cf-files,configuration files for using with imake,440971,1340308864,1539485430
mtools,collection of utilities to access MS-DOS disks,418592,1388352894,1546153804
kernel-patch-4923-24,<NULL>,28204,1493405950,1493405950
psmisc,<NULL>,303820,1302547266,1566090502
wayland,<NULL>,372004,1352527000,1441973438
linux-firmware,<NULL>,183441981,1510576866,1557373767
libmicrohttpd,<NULL>,1333687,1340308864,1515077946
popt,<NULL>,702769,1357330591,1565808666
xclip,<NULL>,63420,1340308864,1441973438
kernel49,<NULL>,<NULL>,1302043414,1527545805
pangox-compat,<NULL>,267396,1340308864,1481891805
libwebp,<NULL>,990904,1340308864,1535956200
zlib-orig,<NULL>,450776,1302135188,1456666614
obs-studio,software for live streaming and screen recording,5510739,1378512872,1541261170
kernel-patch-414-87-88,<NULL>,23500,1547920056,1547920056
wordlist-korelogic-wp-es-final,<NULL>,10190133,1502982844,1502982844
mp3blaster,<NULL>,329407,1463045692,1521178498
libflac,<NULL>,776192,1346208080,1483502540
xinput,<NULL>,158061,1340308864,1499531163
libfm-tarball,<NULL>,912164,1472729392,1472729392
portaudio,<NULL>,1504620,1340308864,1441973438
kernel-patch-4919-20,<NULL>,4992,1491409826,1491409826
uredir,udp redirection/forwarding utility,92028,1478337068,1500212072
pidgin-opensteamworks,<NULL>,147974,1486948397,1486948397
libgpg-error,library defining common error values for all GnuPG components,813060,1359575939,1488576384
wine-staging,windows API emulator to execute win32 binaries. requires x86 32bit TC,19439328,1355958238,1501145894
kernel-patch-414-130-131,<NULL>,512,1562071475,1562071475
python-cle,<NULL>,60478,1485395367,1564603298
kernel-patch-414-122-123,<NULL>,50220,1562071475,1562071475
m4,the GNU m4 shellscript macro preprocessor. used heavily by autoconf/make,1207688,1302043414,1556131768
wordlist-myspace,<NULL>,175970,1454631404,1457202068
libxfixes,<NULL>,291978,1302547266,1441973438
netsurf,<NULL>,8281249,1352434142,1517962044
xcb-util-cursor,<NULL>,280852,1397662357,1457031631
libxfont2,<NULL>,472822,1316404565,1495158761
python-psutil,<NULL>,347241,1492988488,1564603298
intltool,<NULL>,162286,1333041169,1510443126
wordlist-ow-password,<NULL>,13604,1476970362,1476970362
less,<NULL>,316133,1302547266,1456585909
neofetch,a command-line system information tool written in bash,76325,1498001306,1541261170
kernel-patch-4942-43,<NULL>,5844,1504117986,1504117986
pidgin-skype4pidgin,<NULL>,411640,1486948039,1486948039
xf86-input-synaptics,<NULL>,451614,1397662359,1457034194
kernel-patch-4941-42,<NULL>,30700,1504117986,1504117986
openxcom,<NULL>,2068640,1402838846,1463486338
wordlist-cmiyc2010-final-wp-en,<NULL>,63788536,1490286118,1490286118
kernel-patch-4441-42,<NULL>,29436,1484223968,1484223968
perl5-BSD-Resource,<NULL>,68183,1561926510,1561926510
libpcap,library for capturing network and other packets,832079,1347113771,1544050350
zlib,<NULL>,<NULL>,1302135188,1456666614
perl5-NetPacket,<NULL>,19386,1486839972,1486839972
libxxf86dga,<NULL>,280216,1355293650,1441973438
kernel-headers,<NULL>,841752,1340756184,1565914462
wine,windows API emulator to execute win32 binaries. requires x86 32bit TC,22924203,1355958238,1488576525
openssh,<NULL>,1565384,1302135188,1546154018
libglade,<NULL>,356119,1342740730,1441973438
patchutils,<NULL>,166400,1334345483,1550697175
xcb-util-renderutil,<NULL>,257492,1397662357,1457031612
lm-sensors,<NULL>,175802,1469315920,1521217678
ninja,<NULL>,185226,1531397697,1531397697
kernel-patch-4427-28,<NULL>,41084,1477705416,1477705416
wireshark,"sniff, decrypt, analyze and visualize network traffic",29398804,1383413538,1517093137
nwipe,<NULL>,48885,1413915716,1441973438
libvirt,<NULL>,26578000,1382950260,1441973438
wordlist-korelogic-wp-de-final,<NULL>,13475592,1502982844,1502982844
kernel-patch-4430-31,<NULL>,17800,1478901158,1478901158
python-pillow,<NULL>,11077480,1463482892,1564603298
lvm,<NULL>,2159438,1359492135,1480615089
perl5-Authen-SASL,<NULL>,45129,1384273783,1459768449
xclock,<NULL>,203799,1302890570,1441973438
libelf,<NULL>,122231,1348627521,1497917454
x11-font-adobe-100dpi,"raw X11 bitmap font, providing a very wide courier font. not recommended",1113104,1340308864,1511963944
mkfontscale,<NULL>,139923,1340308864,1441973438
unbound,"validating, recursive, and caching DNS resolver and library",5676395,1340308864,1561763345
kernel-patch-4982-83,<NULL>,29476,1527182139,1527182139
perl5-FCGI-ProcManager,<NULL>,28791,1561926495,1561926495
kernel-patch-414-112-113,<NULL>,48440,1556058151,1556058151
virt-manager,<NULL>,1773882,1382950751,1441973438
openbox,window manager used by the LXDE desktop environment,659056,1342740600,1550715007
kernel-patch-4986-87,<NULL>,21436,1527182139,1527182139
libsodium,<NULL>,1919817,1340308864,1565808755
wordlist-facebook-phished,<NULL>,14457,1454631404,1457202068
python-click,<NULL>,279019,1492988393,1564603298
mimalloc,<NULL>,477796,1442232232,1565217871
kernel-patch-414-80-81,<NULL>,60492,1543840951,1543840951
xmodmap,<NULL>,167787,1352150315,1557373305
kernel-patch-414-46-47,<NULL>,476,1528136251,1528136251
python-gmpy2,<NULL>,280551,1489815335,1564603298
kernel-patch-4957-58,<NULL>,15916,1510970536,1510970536
x11-font-symbola,truetype unicode charactes,3163061,1539229272,1554176757
nano,"a terminal-based, easy-to-use text editor",1485072,1311106590,1521138319
kernel-patch-4963-64,<NULL>,22076,1513111774,1513111774
perl5-Crypt-Eksblowfish,<NULL>,36302,1383751558,1459768449
wordlist-facebook-firstnames,<NULL>,16464124,1443215260,1457202068
kernel-patch-4451-52,<NULL>,8004,1488550331,1488550331
vile,vi like emacs: a vi-clone based on micro-emacs to get the best of both,2109000,1340308864,1539622882
kernel-patch-4946-47,<NULL>,5576,1507054488,1507054488
python-z3-angr,<NULL>,851,1485395367,1485395367
lha,extractor for the lha compression used mainly by amiga software,285518,1340308864,1443540139
wordlist-honeynet,<NULL>,889525,1454631404,1457202068
pgadmin3,<NULL>,13783723,1355558698,1486518018
libpng,library to handle png files with a history of sec. vulns and API breakage,756992,1340900957,1507053648
vte2,<NULL>,962340,1340308864,1488949260
powertop,<NULL>,670000,1488757443,1521231849
libgdiplus,open-source implementation of the GDI+ API,687398,1340308864,1498353616
libmtp,library and tools to interface with android devices,804354,1340308864,1515038750
python-pygobject,<NULL>,747248,1382949608,1441973438
kernel-patch-4947-48,<NULL>,5368,1507054488,1507054488
mc,midnight commander - terminal file manager (norton commander clone),2538524,1361491610,1554004528
kernel-patch-4423-24,<NULL>,25464,1475937634,1475937634
polyml,<NULL>,5599140,1340308864,1441973438
libressl,tls and crypto library. replaces openssl,3539591,1340308864,1546153485
perl5-Digest-MD5,<NULL>,47476,1383751558,1459768449
kernel-patch-414-121-122,<NULL>,22192,1562071475,1562071475
mesalib-radeon,<NULL>,9179236,1375642825,1541593735
kernel-patch-4437-38,<NULL>,9460,1481586973,1481586973
mtdev,<NULL>,273780,1397662358,1537322527
libfontenc,<NULL>,294884,1302547266,1565708786
kernel-patch-414-57-58,<NULL>,14328,1532821310,1532821310
python-sortedcontainers,<NULL>,11970881,1494004486,1564603298
iw,<NULL>,114096,1388681922,1519089336
python-pygraphviz,<NULL>,103336,1463482892,1463482892
libfm-extra,<NULL>,<NULL>,1342758173,1488950063
kernel-patch-414-105-106,<NULL>,39976,1556058151,1556058151
python-spark-parser,<NULL>,134114,1497830313,1564603298
iris-floss,eye-friendly blue light reduction software,15574,1495557267,1495557267
makedev-debian,<NULL>,9924,1384363129,1441973438
libyajl,<NULL>,82793,1382949962,1440522431
perl5-IO-Socket-SSL,<NULL>,215199,1384273783,1487373900
kernel44,<NULL>,<NULL>,1302043414,1491409758
mksh,<NULL>,417218,1341608981,1519087988
kernel-patch-414-76-77,<NULL>,41672,1543840951,1543840951
pidgin,<NULL>,10037480,1340308864,1554140147
i3-wm,<NULL>,1121298,1397662358,1510838110
pkgconf,lightweight drop-in replacement for pkg-config,80211,1340756112,1451069718
lxsession-edit,<NULL>,224146,1342751137,1488950063
kernel-patch-4932-33,<NULL>,45040,1497820147,1497820147
pm-utils,<NULL>,208687,1340308864,1521221245
lxinput,<NULL>,145356,1342751376,1488950063
ncdu,ncurses disk usage,145911,1340308864,1561811677
kernel-patch-4994-95,<NULL>,35352,1527182139,1527182139
mutt,terminal email client,4255890,1416263333,1540324465
jbig2dec,<NULL>,472271,1401799815,1546153275
iconv,<NULL>,<NULL>,1400910064,1441292100
python-lxml,<NULL>,3795205,1497756779,1564603298
libnettle,low-level crypto library,1935069,1352533186,1513120043
mono,open-source implementation of the .NET Framework runtime and compiler,154477308,1498353627,1498353627
kernel-patch-4984-85,<NULL>,14216,1527182139,1527182139
musl,the musl C standard library (libc),1013779,1302043414,1564002973
libxdamage,<NULL>,339060,1355293538,1557373688
nginx,<NULL>,1034586,1364583323,1566589791
kernel-patch-4914-15,<NULL>,26716,1490287696,1490287696
python-jinja2,<NULL>,437659,1492988755,1564603298
kernel-patch-414-59-60,<NULL>,65364,1536670724,1536670724
kernel-patch-414-124-125,<NULL>,17056,1562071475,1562071475
neovim,<NULL>,8333652,1510508029,1510508029
kernel-patch-4974-75,<NULL>,21724,1515198634,1515198634
protobuf,<NULL>,2021416,1390630033,1456283412
libusbmuxd,<NULL>,38713,1340308864,1544043111
mpc,<NULL>,669925,1316404241,1561585106
libepoxy,<NULL>,781440,1340308864,1495157719
perl5-Net-SMTP-SSL,<NULL>,1806,1384273783,1459768449
kernel-patch-4446-47,<NULL>,6264,1486430631,1486430631
mhash,<NULL>,655906,1340308864,1490061543
libgc,<NULL>,1263064,1357330538,1441973438
libdmx,<NULL>,290859,1379899548,1441973438
python-packaging,<NULL>,44706,1486157236,1564603298
kernel-patch-4426-27,<NULL>,8640,1477163604,1477163604
mupdf,fast and relatively unbloated PDF viewer. used on embedded devices,41602372,1397662358,1551974144
kernel-patch-4991-92,<NULL>,8700,1527182139,1527182139
python3,interpreter for the python 3.x scripting language,17108364,1302886032,1565879160
kernel49-patches,<NULL>,<NULL>,1351557125,1527545805
python-scapy,<NULL>,1459132,1500038594,1564603298
lua52,<NULL>,252651,1351557125,1517094285
nnn,<NULL>,62704,1554175064,1554175064
jsoncpp,<NULL>,200226,1442232232,1519930661
imv,<NULL>,45218,1565144469,1565144469
portablexdr,<NULL>,354321,1382950012,1441973438
kernel-patch-414-128-129,<NULL>,12340,1562071475,1562071475
python-py,<NULL>,193961,1492988451,1564603298
llvm-clang34,<NULL>,15920544,1389750863,1441973438
libpciaccess,<NULL>,361375,1352710498,1513119643
python-dbus,<NULL>,563906,1340308864,1463486338
imlib2,<NULL>,891876,1352697467,1459687280
python-simuvex,<NULL>,202696,1485395367,1564603298
libxrandr,<NULL>,315165,1379898825,1441973438
initramfs,<NULL>,<NULL>,1477492066,1480875062
python-python-engineio,<NULL>,24614,1540490033,1564603298
kernel-patch-4992-93,<NULL>,33084,1527182139,1527182139
perl5-XML-SAX,<NULL>,46703,1400909860,1459768449
lxmenu-data,<NULL>,179180,1342751407,1488950063
presentproto,<NULL>,107998,1340308864,1449602997
kernel-patch-4416-17,<NULL>,19724,1470854296,1470854296
libnl,<NULL>,832513,1340308864,1521219819
python-beautifulsoup,<NULL>,31220,1492988109,1564603298
libvorbis,<NULL>,1195388,1346208080,1546153543
python-steganography,<NULL>,3145,1486906926,1564603298
json-glib,<NULL>,604336,1340308864,1490290499
perl5-File-Slurp,<NULL>,39927,1335395933,1459768449
libtiff,<NULL>,2402867,1341439588,1546153506
perl5-Params-Classify,<NULL>,21014,1383751558,1459768449
kernel-patch-4997-98,<NULL>,19444,1527182139,1527182139
python-idna,<NULL>,130211,1492988241,1564603298
koto,<NULL>,5016300,1519085656,1521169029
kernel-patch-414-129-130,<NULL>,15824,1562071475,1562071475
python-mulpyplexer,<NULL>,2060,1485395367,1564603298
kernel419-patches,<NULL>,<NULL>,1351557125,1564998903
python-pyvex,<NULL>,44977,1485395367,1564603298
libxslt,XSLT transformation library from the libxml2 authors,3444093,1355558653,1547920597
python-angr,<NULL>,321684,1485395367,1564603298
iptables,<NULL>,639785,1342758294,1519089510
kernel-patch-4918-19,<NULL>,27156,1491409826,1491409826
perl5-Digest-MD4,<NULL>,29304,1480388828,1480388828
kernel-patch-414-125-126,<NULL>,20932,1562071475,1562071475
python-ecdsa,<NULL>,55579,1379630292,1564603298
libxcomposite,<NULL>,283746,1379897485,1557373714
openal,<NULL>,253006,1334639720,1441973438
kernel-patch-414-75-76,<NULL>,18568,1543840951,1543840951
perl5-XML-Parser,<NULL>,237377,1333041153,1459768449
kernel-patch-4431-32,<NULL>,12192,1479223141,1479223141
kernel-patch-414-63-64,<NULL>,11920,1536670724,1536670724
python-twisted,<NULL>,3092680,1463482892,1566589659
john,password hash cracker,33638768,1443214306,1557981636
python-flask-compress,<NULL>,6043,1540490033,1564603298
kernel-patch-4411-12,<NULL>,33364,1465390130,1465390130
kernel-patch-414-92-93,<NULL>,34884,1547920056,1547920056
pixman,<NULL>,881544,1302890570,1546154070
kernel-patch-4929-30,<NULL>,50560,1497820147,1497820147
miniupnpc,<NULL>,70074,1357147800,1461088292
kernel-patch-449-10,<NULL>,19388,1463060485,1463060485
perl5-FCGI,<NULL>,93598,1561926452,1561926452
kernel-patch-4961-62,<NULL>,26392,1510970536,1510970536
ndhcp,<NULL>,52792,1347812882,1441973438
indent,<NULL>,702667,1340308864,1441973438
imake,utility for creating/using imake files - from xorg-utils,195387,1340308864,1510441509
python-zbar,<NULL>,16228,1490061873,1564603298
kernel-patch-4949-50,<NULL>,7628,1507054488,1507054488
python-pip,<NULL>,1377264,1372531840,1566589877
kernel-patch-4936-37,<NULL>,11044,1500214426,1500214426
nmap,port scanner/pentest tool with a gazillion of features,9043221,1347148905,1539486068
lua53,<NULL>,303543,1351557125,1546153589
nasm,<NULL>,764872,1388352894,1441973438
liblogging,<NULL>,524168,1390768875,1449662501
kernel-patch-414-58-59,<NULL>,20688,1532821310,1532821310
python-mako,<NULL>,575112,1492988578,1564603298
kernel-patch-414-127-128,<NULL>,19232,1562071475,1562071475
python-numpy,<NULL>,4069996,1463098847,1554096080
kernel-patch-4972-73,<NULL>,7380,1515198634,1515198634
nfs-utils,<NULL>,662276,1554162644,1554162644
lxshortcut,<NULL>,224223,1342750896,1488950063
libassuan,interprocess communication library used by some GnuPG components,570676,1359580564,1546153334
python-pygdbmi,<NULL>,21178,1540490033,1564603298
libnet,<NULL>,676205,1340308864,1441973438
python-pdfminer,<NULL>,4081233,1496236666,1564603298
libcroco,<NULL>,482028,1340308864,1493405585
pcc,<NULL>,781298,1341608981,1441973438
kernel-patch-4962-63,<NULL>,16364,1513111774,1513111774
makedev-debian-patch,<NULL>,49972,1384363129,1441973438
kernel-patch-414-64-65,<NULL>,684,1536670724,1536670724
kernel-patch-4938-39,<NULL>,23560,1504117986,1504117986
musl-1,"the musl libc, version 1.0.x (compatible with kernel 2.4)",835017,1302043414,1521430886
lua-lpack,<NULL>,3609,1540490113,1540490113
python-wcwidth,<NULL>,22884,1540844754,1564603298
libxscrnsaver,<NULL>,290437,1379896449,1557373630
python-setuptools,<NULL>,785827,1397845672,1566589953
kernel-patch-4447-48,<NULL>,10256,1486669811,1486669811
pkg-config,<NULL>,<NULL>,1316404241,1451247809
luvcview,<NULL>,89405,1431534530,1441973438
openttd-gfx,<NULL>,3547720,1535579040,1535579040
libdwarf,<NULL>,2257739,1379436878,1555521673
kernel-patch-443-4,<NULL>,109532,1457200497,1461275679
nethack,<NULL>,3497458,1402250507,1456342116
libatomic-ops,<NULL>,465710,1340308864,1450214569
python-pysocks,<NULL>,282014,1486157236,1564603298
icu,<NULL>,22706578,1383003148,1521215552
iodine,client and server to route traffic over DNS,99061,1482681530,1546152366
protobuf-c,<NULL>,453852,1390630033,1480613947
libmesode,fork of libstrophe for profanity IM client,142880,1340308864,1485307407
perl5-FCGI-Daemon,<NULL>,23375,1561926477,1564561184
lxpanel,<NULL>,1488548,1342748951,1488950063
python-sympy,<NULL>,4281528,1491351955,1564603298
kernel-patch-414-104-105,<NULL>,15676,1556058151,1556058151
ngircd,ngIRCd - Next Generation IRC Server,350300,1561864468,1565349347
kernel-patch-4953-54,<NULL>,36648,1510970536,1510970536
jupp,<NULL>,465769,1397589548,1477828487
mujs,<NULL>,90456,1484256731,1520967709
palemoon,<NULL>,278475602,1383196106,1564262410
libxtst,<NULL>,321784,1379899131,1441973438
kernel-patch-4422-23,<NULL>,26372,1475244482,1478196636
mbedtls,<NULL>,2506425,1438524487,1546153663
libuuid,<NULL>,<NULL>,1359575888,1359575888
milkytracker,<NULL>,3753882,1357155927,1549296450
libinput,<NULL>,923720,1340308864,1495583975
nspr,<NULL>,1136646,1340308864,1486948397
kernel-patch-4934-35,<NULL>,17500,1500214426,1500214426
mp-32,"older version of mp text editor, preferred by puppy/quirky linux",191455,1463954008,1463954008
kernel49-tarball,<NULL>,93204620,1414887336,1527545805
python-pluggy,<NULL>,19054,1492988792,1564603298
kernel-patch-414-99-100,<NULL>,12480,1550874957,1550874957
kernel-patch-414-68-69,<NULL>,27916,1536670724,1536670724
python-simplejson,<NULL>,67250,1379821159,1554096080
libsndfile,library for reading and writing sound files,1202833,1346208080,1491409420
python-ptpython,<NULL>,43252,1540844754,1564603298
kernel-patch-4983-84,<NULL>,44828,1527182139,1527182139
python-tox,<NULL>,114616,1492988837,1564603298
lua-luafilesystem,<NULL>,30877,1555713777,1555713777
libjpeg,<NULL>,1028134,1311096182,1527606915
perl5-Net-Radius,<NULL>,240551,1486839972,1486839972
libass,<NULL>,348444,1378000207,1456599835
mosh,<NULL>,308857,1390630033,1530281019
kernel-patch-4979-80,<NULL>,24028,1518700829,1518700829
posix-man,POSIX manpages - _the_ guide for system (libc) APIs and std utilities,930736,1340762615,1443540139
libfs,<NULL>,303806,1379895947,1441973438
python-ropper,<NULL>,64364,1492988554,1564603298
lxde,<NULL>,<NULL>,1342758310,1540938343
luajit,<NULL>,942597,1342475336,1483500073
python-unicorn,<NULL>,1534737,1485395367,1564603298
i2c-tools,<NULL>,72084,1469298614,1469298614
python-enum,<NULL>,20265,1486838570,1564603298
kernel-patch-414-50-51,<NULL>,56012,1532821310,1532821310
pax-utils,<NULL>,80300,1348107011,1441973438
libxml2,bloated and buggy XML parsing library with a history of security vulns,5476717,1340532252,1547920579
moreutils,<NULL>,80468,1566165699,1566165699
kernel-patch-4976-77,<NULL>,44024,1518700829,1518700829
libfm,<NULL>,<NULL>,1342758173,1488950063
python-reedsolo,<NULL>,4168,1492988626,1564603298
kernel-patch-4442-43,<NULL>,7436,1484580898,1484580898
mtpaint,gtk+2 painting program with decent set of functionality,600857,1340308864,1555608544
kernel-patch-414-49-50,<NULL>,17812,1529360565,1529360565
makebootfat,<NULL>,146722,1340308864,1441973438
kernel-patch-4943-44,<NULL>,11376,1504117986,1504117986
openvpn,<NULL>,938440,1340308864,1530281019
kernel-patch-446-7,<NULL>,69644,1460537469,1461275679
python-curtsies,<NULL>,47120,1540568785,1564603298
kernel-patch-4417-18,<NULL>,19852,1471374120,1471374120
ndhcp-init,<NULL>,<NULL>,1347812882,1347812882
lxrandr,<NULL>,132468,1342750284,1488950063
perl5-XML-SAX-Base,<NULL>,28197,1400909860,1459768449
kbd,<NULL>,1031864,1351899563,1495593945
kernel-patch-414-81-82,<NULL>,32272,1543840951,1543840951
python-ropgadget,<NULL>,17274,1492988374,1564603298
libconfuse,<NULL>,725452,1340308864,1486887601
python-markupsafe,<NULL>,14356,1492988706,1564603298
leafpad,minimalistic GTK+ text editor. useful to copy text terminal <-> GUI apps,289079,1342758063,1488949260
libxres,<NULL>,282925,1379898961,1441973438
python-decorator,<NULL>,70616,1485395367,1564603298
kernel-patch-4424-25,<NULL>,10232,1476699684,1476699684
mdadm,utility used to manage and monitor software RAID devices,430780,1359820754,1558824849
jmtpfs,fuse driver to mount android mtp filesystems,142914,1340308864,1515038770
mkfontdir,<NULL>,108195,1340308864,1537121707
kernel-patch-4921-22,<NULL>,51572,1493405950,1493405950
kernel-patch-414-114-115,<NULL>,18780,1562071475,1562071475
librexgen,<NULL>,164592,1442232232,1554924822
libplist,<NULL>,173051,1340308864,1544043111
kernel-patch-4989-90,<NULL>,54936,1527182139,1527182139
kernel-patch-49101-102,<NULL>,29304,1527182139,1527182139
libxt,<NULL>,762331,1311106590,1441973438
kernel-patch-4419-20,<NULL>,33636,1473280677,1473280677
libx11,<NULL>,2339981,1316404565,1441973438
kernel-patch-414-120-121,<NULL>,20312,1562071475,1562071475
kernel-patch-414-123-124,<NULL>,24528,1562071475,1562071475
libcap2,<NULL>,67172,1347674098,1546153363
kernel-patch-414-53-54,<NULL>,25140,1532821310,1532821310
lua-lpeglabel,<NULL>,80692,1539205167,1539205167
kernel-patch-414-48-49,<NULL>,13288,1529360565,1529360565
libao,<NULL>,464596,1346873533,1510931384
i3status,<NULL>,54970,1486887601,1486887601
libev,<NULL>,524264,1397662103,1482960753
libblkid,<NULL>,<NULL>,1390356026,1564075559
inputproto,<NULL>,195642,1311106590,1510709283
inkscape,vector graphic manipulation program,31222684,1357331476,1521168932
kernel-patch-414-102-103,<NULL>,7656,1556058151,1556058151
libxmp,<NULL>,626624,1340308864,1441973438
kernel-patch-4996-97,<NULL>,30860,1527182139,1527182139
kernel-patch-4965-66,<NULL>,42176,1513111774,1513111774
libtheora,<NULL>,1903175,1340308864,1442692446
kernel-patch-414-113-114,<NULL>,37328,1562071475,1562071475
kernel-patch-4975-76,<NULL>,8044,1518700829,1518700829
kernel-patch-4950-51,<NULL>,34560,1507054488,1507054488
kernel-patch-414-103-104,<NULL>,20392,1556058151,1556058151
kernel-patch-414-89-90,<NULL>,24972,1547920056,1547920056
iftop,<NULL>,160381,1341608981,1456286181
kernel-patch-4967-68,<NULL>,31472,1513111774,1513111774
kismet,a passive WLAN sniffer/detector,709364,1402666270,1467569281
kernel-patch-4452-53,<NULL>,43920,1489333976,1489333976
libogg,<NULL>,417636,1341291819,1513119913
kernel-patch-414-88-89,<NULL>,28836,1547920056,1547920056
kernel-patch-4410-11,<NULL>,30228,1463954987,1463958426
kernel-patch-414-55-56,<NULL>,31780,1532821310,1532821310
libxinerama,<NULL>,278026,1352696023,1441973438
kernel-patch-4940-41,<NULL>,32308,1504117986,1504117986
kernel-patch-4456-57,<NULL>,11400,1491409758,1491409758
kernel-patch-414-117-118,<NULL>,14064,1562071475,1562071475
kernel-patch-4454-55,<NULL>,11092,1490287443,1490287443
libuntar,"C library for reading tarfiles, stripped down version of libtar",9977,1539412795,1539412795
libxshmfence,<NULL>,291347,1340308864,1510709781
kernel-patch-444-5,<NULL>,30868,1458132427,1461275679
kernel-patch-4977-78,<NULL>,19772,1518700829,1518700829
libxrender,<NULL>,306121,1311106590,1441973438
kernel-patch-4420-21,<NULL>,80096,1473961949,1473961949
kernel419-tarball,<NULL>,103291164,1564998903,1564998903
kernel-patch-4993-94,<NULL>,83260,1527182139,1527182139
kernel-patch-4453-54,<NULL>,15028,1490287443,1490287443
kernel-patch-414-84-85,<NULL>,38712,1543840951,1543840951
libgsf,library for r/w of structured files (filesystem-in-a-file),618476,1356423683,1553984218
libwnck,<NULL>,686407,1342748822,1488950063
kernel-patch-414-118-119,<NULL>,28180,1562071475,1562071475
llvm-clang601,<NULL>,25306628,1542253774,1542253774
json-c,<NULL>,390179,1341291819,1477497524
kernel-patch-4960-61,<NULL>,24028,1510970536,1510970536
kernel-patch-414-62-63,<NULL>,46152,1536670724,1536670724
libidn,encode and decode internationalized domain name strings,4169217,1340308864,1547920217
kernel-patch-4988-89,<NULL>,64276,1527182139,1527182139
kbproto,<NULL>,256988,1302547266,1537322437
kernel-patch-414-90-91,<NULL>,13376,1547920056,1547920056
lilyterm,"LilyTerm is a terminal emulator based off of libvte that aims to be fast and lightweight, Licensed under GPLv3.",328443,1342758063,1521177069
kernel-patch-4421-22,<NULL>,31648,1474720687,1478196636
kernel-patch-4939-40,<NULL>,36448,1504117986,1504117986
kernel-patch-414-82-83,<NULL>,6560,1543840951,1543840951
kernel-patch-4995-96,<NULL>,26628,1527182139,1527182139
kernel44-patches,<NULL>,<NULL>,1454716582,1491409758
libv4l2,<NULL>,<NULL>,1431540084,1431540084
kernel-patch-414-54-55,<NULL>,20464,1532821310,1532821310
kernel-patch-4418-19,<NULL>,48168,1471799473,1471799473
libvpx,reference implementation of the VP8/VP9 video codec used in webm/html5,1943026,1340308864,1519091831
iotop,monitoring of system i/o,29779,1387740066,1521216705
ijs,<NULL>,257476,1384270446,1441973438
keybinder,<NULL>,391730,1340308864,1540938380
libxpm,<NULL>,443496,1302890570,1553991932
libxi,<NULL>,440969,1311106590,1441973438
libarchive,<NULL>,6535598,1316404241,1554251801
kernel-patch-4928-29,<NULL>,27056,1495574160,1495574160
libtorrent,<NULL>,781253,1365044384,1539486068
kernel-patch-4951-52,<NULL>,27340,1507054488,1507054488
libotr,<NULL>,655791,1340308864,1485308851
kernel-patch-4935-36,<NULL>,55884,1500214426,1500214426
kernel-patch-448-9,<NULL>,51948,1462491434,1462491434
kernel-patch-4944-45,<NULL>,10260,1504117986,1504117986
librelp,reliable logging library,437975,1390768875,1497820453
libmng,<NULL>,1093337,1352434142,1441973438
kernel-patch-4956-57,<NULL>,13220,1510970536,1510970536
kernel-patch-414-51-52,<NULL>,18472,1532821310,1532821310
kernel-patch-414-78-79,<NULL>,41784,1543840951,1543840951
lua-inspect,<NULL>,11221,1539209217,1553971084
kmod,<NULL>,545416,1377535173,1519088949
kernel-patch-414-109-110,<NULL>,30608,1556058151,1556058151
libsamplerate,<NULL>,4303330,1352533186,1441973438
libxft,<NULL>,335495,1316404565,1449602997
